[{"spider_class": "Spideryingshi", "parent_item": {"type": "directory", "id": "100742", "name": "\u96f6\u5ea6\uff1a[\u66f4\u65b0\u81f3\u7b2c15\u96c6]/\u98ce\u59ff\u7269\u8bed\u4ed9\u7f57\u7bc7", "cover": "https://img.ffzypic.com/upload/vod/20221024-1/113830c73afc5083c53a8c1f23c2e4a7.jpg", "description": "\u9a6c\u6591\u9a6c,Mic,\u718a\u5927\u5229,\u9b4f\u4e00\u51e1,\u6d82\u5b50\u9171,\u4e54\u82cf,\u5510\u5b50\u6670,\u6c5f\u6708,\u516b\u5343\u91cc\u8def,\u674e\u7ff0\u6797,\u7ff0\u61a8\u61a8", "cast": [], "director": "", "area": "", "year": 0, "sources": [], "danmakus": [], "subtitles": [], "params": {"type": "video", "pf": "ld"}}, "item": {"type": "file", "id": "", "name": "\u7b2c06\u96c6", "cover": "https://img.ffzypic.com/upload/vod/20221024-1/113830c73afc5083c53a8c1f23c2e4a7.jpg", "description": "\u66b4\u98ce\u7684\u524d\u5146\uff0c\u5373\u5c06\u64bc\u52a8\u6574\u4e2a\u98ce\u4e4b\u5927\u9646\uff0c\u4e00\u573a\u5185\u5e55\u91cd\u91cd\u7684\u5a5a\u793c\uff0c\u5f15\u6765\u5404\u65b9\u4eba\u58eb\u89ca\u89ce\uff0c\u4ee4\u4ed9\u7f57\u57ce\u6210\u4e3a\u4e03\u5927\u5b97\u95e8\u660e\u4e89\u6697\u6597\u7684\u89d2\u529b\u573a\u3002\n\u80f8\u6000\u5927\u5fd7\u7684\u5170\u65af\u6d1b\u3001\u5251\u672f\u5353\u7edd\u7684\u82b1\u6b21\u90ce\u3001\u795e\u79d8\u591a\u667a\u7684\u9e3f\u4e94\u90ce\u548c\u6df7\u6c34\u6478\u9c7c\u7684\u5929\u5730\u6709\u96ea\uff0c\u4e58\u7740\u8fd9\u80a1\u6697\u6d41\uff0c\u6216\u6709\u610f\uff0c\u6216\u65e0\u5fc3\uff0c\u56e0\u7f18\u9645\u4f1a\uff0c\u9f50\u805a\u4ed9\u7f57\uff0c\u5171\u540c\u6380\u8d77\u51b2\u51fb\u98ce\u4e4b\u5927\u9646\u7684\u6ed4\u5929\u5de8\u6d6a\u3002", "cast": ["\u9a6c\u6591\u9a6c", "Mic", "\u718a\u5927\u5229", "\u9b4f\u4e00\u51e1", "\u6d82\u5b50\u9171", "\u4e54\u82cf", "\u5510\u5b50\u6670", "\u6c5f\u6708", "\u516b\u5343\u91cc\u8def", "\u674e\u7ff0\u6797", "\u7ff0\u61a8\u61a8"], "director": "\u5b59\u51a0\u7fa4", "area": "", "year": 0, "sources": [{"name": "\u96f6\u5ea6\u8d85\u6e05", "params": {"playfrom": "", "pf": "ld", "url": "/index.php/vod/play/id/100742/sid/1/nid/6.html"}}, {"name": "\u54d4\u54e9\u54d4\u54e9", "params": {"playfrom": "", "pf": "ld", "url": "/index.php/vod/play/id/100742/sid/2/nid/6.html"}}, {"name": "\u96f6\u5ea6\u84dd\u5149\u4e8c", "params": {"playfrom": "", "pf": "ld", "url": "/index.php/vod/play/id/100742/sid/4/nid/6.html"}}, {"name": "\u96f6\u5ea6\u84dd\u5149\u4e00", "params": {"playfrom": "", "pf": "ld", "url": "/index.php/vod/play/id/100742/sid/3/nid/6.html"}}], "danmakus": [], "subtitles": [], "params": {}}}, {"spider_class": "Spideryingshi", "parent_item": {"type": "directory", "id": "175825", "name": "\u96f6\u5ea6\uff1a[\u66f4\u65b0\u81f311\u96c6]/\u98ce\u59ff\u7269\u8bed\u4ed9\u7f57\u7bc7", "cover": "https://i0.hdslb.com/bfs/bangumi/image/d9dfe48b27b83e2d817ae5f44340c6dc18e32fae.jpg", "description": "\u5170\u65af\u6d1b\uff1a\u6591\u9a6c,\u5929\u5730\u6709\u96ea\uff1aMic,\u5927\u9b54\u795e\u738b\uff1a\u718a\u5927\u5229,\u82b1\u523a\u72fc\uff1a\u9b4f\u4e00\u51e1,\u6e90\u4e94\u90ce&amp;amp;amp;\u661f\u8d24\u8005\uff1a\u6d82\u5b50\u9171,\u98ce\u534e&amp;amp;amp;\u82cd\u6708\u8349\uff1a\u4e54\u82cf,\u82b1\u82e5\u9e3f\uff1a\u5510\u5b50\u6670,\u59ae\u513f\uff1a\u6c5f\u6708,\u4e1c\u65b9\u7384\u864e\uff1a\u516b\u5343\u91cc\u8def,\u77f3\u5b58\u548c\uff1a\u9b4f\u4e00\u51e1,\u77f3\u5b58\u4fe1\uff1a\u674e\u7ff0\u6797,\u77f3\u5b58\u608c\uff1a\u516b\u5343\u91cc\u8def,\u77f3\u5b58\u5fe0\uff1a\u7ff0\u61a8\u61a8,\u77f3\u6562\u9547\uff1a\u5510\u5b50\u6670,\u6708\u8d24\u8005\uff1a\u9b4f\u4e00\u51e1,\u65e5\u8d24\u8005\uff1a\u5510\u5b50\u6670,\u5927\u98ce\uff1a\u62fe\u8212", "cast": [], "director": "", "area": "", "year": 0, "sources": [], "danmakus": [], "subtitles": [], "params": {"type": "video", "pf": "ld"}}, "item": {"type": "file", "id": "", "name": "\u7b2c1\u8bdd", "cover": "https://i0.hdslb.com/bfs/bangumi/image/d9dfe48b27b83e2d817ae5f44340c6dc18e32fae.jpg", "description": "\u66b4\u98ce\u7684\u524d\u5146\uff0c\u5373\u5c06\u64bc\u52a8\u6574\u4e2a\u98ce\u4e4b\u5927\u9646,\u4e00\u573a\u5185\u5e55\u91cd\u91cd\u7684\u5a5a\u793c\uff0c\u5f15\u6765\u5404\u65b9\u4eba\u58eb\u89ca\u89ce\uff0c\u4ee4\u4ed9\u7f57\u57ce\u6210\u4e3a\u4e03\u5927\u5b97\u95e8\u660e\u4e89\u6697\u6597\u7684\u89d2\u529b\u573a\u3002\u80f8\u6000\u5927\u5fd7\u7684\u5170\u65af\u6d1b\u3001\u5251\u672f\u5353\u7edd\u7684\u82b1\u6b21\u90ce\u3001\u795e\u79d8\u591a\u667a\u7684\u9e3f\u4e94\u90ce\u548c\u6df7\u6c34\u6478\u9c7c\u7684\u5929\u5730\u6709\u96ea\uff0c\u4e58\u7740\u8fd9\u80a1\u6697\u6d41\uff0c\u6216\u6709\u610f\uff0c\u6216\u65e0\u5fc3\uff0c\u56e0\u7f18\u9645\u4f1a\uff0c\u9f50\u805a\u4ed9\u7f57\uff0c\u5171\u540c\u6380\u8d77\u51b2\u51fb\u98ce\u4e4b\u5927\u9646\u7684\u6ed4\u5929\u5de8\u6d6a\u3002", "cast": ["\u5170\u65af\u6d1b\uff1a\u6591\u9a6c", "\u5929\u5730\u6709\u96ea\uff1aMic", "\u5927\u9b54\u795e\u738b\uff1a\u718a\u5927\u5229", "\u82b1\u523a\u72fc\uff1a\u9b4f\u4e00\u51e1", "\u6e90\u4e94\u90ce&amp;amp;amp;\u661f\u8d24\u8005\uff1a\u6d82\u5b50\u9171", "\u98ce\u534e&amp;amp;amp;\u82cd\u6708\u8349\uff1a\u4e54\u82cf", "\u82b1\u82e5\u9e3f\uff1a\u5510\u5b50\u6670", "\u59ae\u513f\uff1a\u6c5f\u6708", "\u4e1c\u65b9\u7384\u864e\uff1a\u516b\u5343\u91cc\u8def", "\u77f3\u5b58\u548c\uff1a\u9b4f\u4e00\u51e1", "\u77f3\u5b58\u4fe1\uff1a\u674e\u7ff0\u6797", "\u77f3\u5b58\u608c\uff1a\u516b\u5343\u91cc\u8def", "\u77f3\u5b58\u5fe0\uff1a\u7ff0\u61a8\u61a8", "\u77f3\u6562\u9547\uff1a\u5510\u5b50\u6670", "\u6708\u8d24\u8005\uff1a\u9b4f\u4e00\u51e1", "\u65e5\u8d24\u8005\uff1a\u5510\u5b50\u6670", "\u5927\u98ce\uff1a\u62fe\u8212"], "director": "\u672a\u77e5", "area": "", "year": 0, "sources": [{"name": "\u54d4\u54e9\u54d4\u54e9", "params": {"playfrom": "", "pf": "ld", "url": "/index.php/vod/play/id/175825/sid/1/nid/1.html"}}], "danmakus": [], "subtitles": [], "params": {}}}, {"spider_class": "Spideryingshi", "parent_item": {"type": "directory", "id": "81324", "name": "\u96f6\u5ea6\uff1a[\u66f4\u65b0\u81f33\u96c6]/\u81f4\u4e0d\u706d\u7684\u4f60\u7b2c\u4e8c\u5b63", "cover": "/img.php?url=https://img1.doubanio.com/view/photo/s_ratio_poster/public/p2879663448.jpg", "description": "\u300a\u81f4\u4e0d\u706d\u7684\u4f60 \u7b2c\u4e8c\u5b63\u300b\u5c06\u4e8e2022\u5e74\u79cb\u5b63\u64ad\u9001", "cast": [], "director": "", "area": "", "year": 0, "sources": [], "danmakus": [], "subtitles": [], "params": {"type": "video", "pf": "ld"}}, "item": {"type": "file", "id": "", "name": "\u7b2c02\u96c6", "cover": "/img.php?url=https://img1.doubanio.com/view/photo/s_ratio_poster/public/p2879663448.jpg", "description": "\u300a\u81f4\u4e0d\u706d\u7684\u4f60 \u7b2c\u4e8c\u5b63\u300b\u5c06\u4e8e2022\u5e74\u79cb\u5b63\u64ad\u9001", "cast": ["\u672a\u77e5"], "director": "\u4f50\u5c71\u5723\u5b50", "area": "", "year": 0, "sources": [{"name": "\u96f6\u5ea6\u8d85\u6e05", "params": {"playfrom": "", "pf": "ld", "url": "/index.php/vod/play/id/81324/sid/2/nid/2.html"}}, {"name": "\u96f6\u5ea6\u84dd\u5149\u4e00", "params": {"playfrom": "", "pf": "ld", "url": "/index.php/vod/play/id/81324/sid/1/nid/2.html"}}, {"name": "\u54d4\u54e9\u54d4\u54e9", "params": {"playfrom": "", "pf": "ld", "url": "/index.php/vod/play/id/81324/sid/3/nid/2.html"}}], "danmakus": [], "subtitles": [], "params": {}}}, {"spider_class": "Spideryingshi", "parent_item": {"type": "directory", "id": "179072", "name": "\u96f6\u5ea6\uff1a[\u66f4\u65b0\u81f3\u7b2c20230102\u671f]/\u95ea\u4eae\u7684\u65e5\u5b50\u7b2c\u4e09\u5b63", "cover": "https://puui.qpic.cn/vcover_vt_pic/0/mzc00200kdwh8st1667573874108/0", "description": "\u8282\u76ee\u5bfb\u627e\u57ce\u5e02\u4e2d\u72ec\u81ea\u751f\u6d3b\u7684\u9752\u5e74\u4ee3\u8868\uff08\u6b4c\u624b\u3001\u6f14\u5458\u7b49\u7b49\uff09\uff0c\u8bb0\u5f55\u5206\u4eab\u65b0\u65f6\u4ee3\u5e74\u8f7b\u4eba\u771f\u5b9e\u3001\u53ef\u7231\u3001\u95ea\u4eae\u7684\u5de5\u4f5c\u751f\u6d3b\u65e5\u5e38\uff0c\u901a\u8fc7\u68da\u5185\u89c2\u5bdf\u548c\u8bdd\u9898\u8ba8\u8bba\uff0c\u5efa\u7acb\u4ed6\u4eec\u4e4b\u95f4\u3001\u4ed6\u4eec\u548c\u89c2\u4f17\u4e4b\u95f4\u7684\u60c5\u611f\u94fe\u63a5\uff0c\u76f8\u4e92\u4f34\u968f\uff0c\u5171\u540c\u6210\u957f\u3002", "cast": [], "director": "", "area": "", "year": 0, "sources": [], "danmakus": [], "subtitles": [], "params": {"type": "video", "pf": "ld"}}, "item": {"type": "file", "id": "", "name": "\u7b2c20230102\u671f\u4e0a", "cover": "https://puui.qpic.cn/vcover_vt_pic/0/mzc00200kdwh8st1667573874108/0", "description": "\u8282\u76ee\u5bfb\u627e\u57ce\u5e02\u4e2d\u72ec\u81ea\u751f\u6d3b\u7684\u9752\u5e74\u4ee3\u8868\uff08\u6b4c\u624b\u3001\u6f14\u5458\u7b49\u7b49\uff09\uff0c\u8bb0\u5f55\u5206\u4eab\u65b0\u65f6\u4ee3\u5e74\u8f7b\u4eba\u771f\u5b9e\u3001\u53ef\u7231\u3001\u95ea\u4eae\u7684\u5de5\u4f5c\u751f\u6d3b\u65e5\u5e38\uff0c\u901a\u8fc7\u68da\u5185\u89c2\u5bdf\u548c\u8bdd\u9898\u8ba8\u8bba\uff0c\u5efa\u7acb\u4ed6\u4eec\u4e4b\u95f4\u3001\u4ed6\u4eec\u548c\u89c2\u4f17\u4e4b\u95f4\u7684\u60c5\u611f\u94fe\u63a5\uff0c\u76f8\u4e92\u4f34\u968f\uff0c\u5171\u540c\u6210\u957f\u3002", "cast": ["\u672a\u77e5"], "director": "\u672a\u77e5", "area": "", "year": 0, "sources": [{"name": "\u96f6\u5ea6\u8d85\u6e05", "params": {"playfrom": "", "pf": "ld", "url": "/index.php/vod/play/id/179072/sid/2/nid/40.html"}}], "danmakus": [], "subtitles": [], "params": {}}}, {"spider_class": "Spideryingshi", "parent_item": {"type": "directory", "id": "245985", "name": "\u96f6\u5ea6\uff1a[\u66f4\u65b0\u81f39\u96c6]/\u73ab\u7470\u9a91\u58eb", "cover": "https://img.ffzypic.com/upload/vod/20221230-1/6f0679875aae58f8e99ced695fd620bb.jpg", "description": "\u674e\u6dd1\u5a77,\u79e6\u6653\u8f69,\u9648\u6d9b,\u674e\u6b22,\u767d\u51b0\u53ef,\u6881\u56fd\u680b,\u5218\u5766,\u9ec4\u9732\u9732", "cast": [], "director": "", "area": "", "year": 0, "sources": [], "danmakus": [], "subtitles": [], "params": {"type": "video", "pf": "ld"}}, "item": {"type": "file", "id": "", "name": "\u7b2c03\u96c6", "cover": "https://img.ffzypic.com/upload/vod/20221230-1/6f0679875aae58f8e99ced695fd620bb.jpg", "description": "\u6545\u4e8b\u7b80\u4ecb\uff1a\n\u4e00\u4e2a\u662f\u4eba\u524d\u9738\u9053\u3001\u9ad8\u51b7,\u4eba\u540e\u52e4\u594b\u3001\u50b2\u5a07\u7684\u603b\u88c1\u3002\u4e00\u4e2a\u662f\u5fc3\u76f4\u53e3\u5feb\u3001\u80fd\u52a8\u624b\u51b3\u4e0d\u52a8\u53e3\u7684\u5973\u7279\u79cd\u5175\u3002\u4e24\u4e2a\u770b\u8d77\u6765\u5b8c\u5168\u4e0d\u662f\u4e00\u4e2a\u4e16\u754c\u7684\u4eba,\u5374\u9634\u5dee\u9633\u9519\u8d70\u5230\u4e00\u8d77\uff0c\u4e0a\u6f14\u4e86\u4e00\u51fa\u52bf\u5747\u529b\u654c\u7684\u7231\u60c5\u653b\u9632\u6218.....", "cast": ["\u674e\u6dd1\u5a77", "\u79e6\u6653\u8f69", "\u9648\u6d9b", "\u674e\u6b22", "\u767d\u51b0\u53ef", "\u6881\u56fd\u680b", "\u5218\u5766", "\u9ec4\u9732\u9732"], "director": "\u672a\u77e5", "area": "", "year": 0, "sources": [{"name": "\u96f6\u5ea6\u8d85\u6e05", "params": {"playfrom": "", "pf": "ld", "url": "/index.php/vod/play/id/245985/sid/1/nid/3.html"}}, {"name": "\u4f18\u9177\u89c6\u9891", "params": {"playfrom": "", "pf": "ld", "url": "/index.php/vod/play/id/245985/sid/2/nid/3.html"}}], "danmakus": [], "subtitles": [], "params": {}}}, {"spider_class": "Spideryingshi", "parent_item": {"type": "directory", "id": "246356", "name": "\u96f6\u5ea6\uff1a[\u7b2c09\u96c6]/\u73ab\u7470\u9a91\u58eb", "cover": "/img.php?url=https://img9.doubanio.com/view/photo/s_ratio_poster/public/p2885654754.jpg", "description": "\u674e\u6dd1\u5a77,\u79e6\u6653\u8f69,\u9648\u6d9b,\u674e\u6b22,\u767d\u51b0\u53ef,\u6881\u56fd\u680b,\u5218\u5766,\u9ec4\u9732\u9732", "cast": [], "director": "", "area": "", "year": 0, "sources": [], "danmakus": [], "subtitles": [], "params": {"type": "video", "pf": "ld"}}, "item": {"type": "file", "id": "", "name": "\u7b2c03\u96c6", "cover": "/img.php?url=https://img9.doubanio.com/view/photo/s_ratio_poster/public/p2885654754.jpg", "description": "\u7f51\u7edc\u7535\u89c6\u5267\u300a\u73ab\u7470\u9a91\u58eb\u300b                                                                    \n\u9879\u76ee\u80cc\u666f\uff1a\u300a\u82b1\u5f00\u8fd9\u5b63\u300b\u6f14\u5458\u63a8\u65b0\u8ba1\u5212", "cast": ["\u674e\u6dd1\u5a77", "\u79e6\u6653\u8f69", "\u9648\u6d9b", "\u674e\u6b22", "\u767d\u51b0\u53ef", "\u6881\u56fd\u680b", "\u5218\u5766", "\u9ec4\u9732\u9732"], "director": "\u672a\u77e5", "area": "", "year": 0, "sources": [{"name": "\u96f6\u5ea6\u84dd\u5149\u4e00", "params": {"playfrom": "", "pf": "ld", "url": "/index.php/vod/play/id/246356/sid/1/nid/3.html"}}], "danmakus": [], "subtitles": [], "params": {}}}, {"spider_class": "Spideryingshi", "parent_item": {"type": "directory", "id": "236825", "name": "\u96f6\u5ea6\uff1a[\u66f4\u65b0\u81f316\u96c6]/\u539f\u6765\u662f\u4f60", "cover": "https://2img.hitv.com/preview/sp_images/2022/12/23/202212230911171437520.jpg", "description": "\u5f20\u8f69\u777f,\u7f57\u4e88\u5f64,\u5218\u51ef", "cast": [], "director": "", "area": "", "year": 0, "sources": [], "danmakus": [], "subtitles": [], "params": {"type": "video", "pf": "ld"}}, "item": {"type": "file", "id": "", "name": "\u7b2c8\u96c6", "cover": "https://2img.hitv.com/preview/sp_images/2022/12/23/202212230911171437520.jpg", "description": "\u5189\u5189\u4e0a\u5347\u7684\u67d4\u9053\u65b0\u661f\u539f\u83b1\u4e0e\u8dcc\u843d\u4f4e\u8c37\u7684\u6e38\u6cf3\u5929\u624d\u6c5f\u987e\u5357\u7684\u76f8\u9047\u5e76\u4e0d\u50cf\u7ae5\u8bdd\u822c\u7684\u6d6a\u6f2b\uff0c\u53cd\u5012\u50cf\u662f\u706b\u661f\u649e\u5730\u7403\uff0c\u4ece\u6b64\u4e00\u53d1\u4e0d\u53ef\u6536\u62fe\u5730\u5f00\u542f\u4e86\u201c\u51a4\u5bb6\u201d\u4e4b\u8def\u3002\u6c5f\u987e\u5357\u610f\u5916\u53d1\u73b0\uff0c\u539f\u83b1\u5c45\u7136\u662f\u4ed6\u5728\u7ae5\u5e74\u65f6\u4ee3\u7684\u201c\u4fdd\u62a4\u795e\u201d\uff0c\u6ee1\u5fc3\u6b22\u559c\u5730\u671f\u5f85\u7740\u80fd\u548c\u539f\u83b1\u76f8\u8ba4\u3002\u5728\u70b9\u70b9\u6ef4\u6ef4\u7684\u76f8\u5904\u4e2d\uff0c\u4ed6\u4e0e\u8fd9\u4e2a\u770b\u4e0a\u53bb\u5927\u5927\u54a7\u54a7\u7684\u5973\u5b69\u4e4b\u95f4\uff0c\u7adf\u6084\u6084\u4ea7\u751f\u4e86\u5947\u5999\u7684\u5316\u5b66\u53cd\u5e94\u3002\u5728\u539f\u83b1\u7684\u9f13\u52b1\u4e0b\uff0c\u6c5f\u987e\u5357\u91cd\u65b0\u5ba1\u89c6\u5bf9\u6e38\u6cf3\u7684\u70ed\u7231\uff0c\u7ec8\u4e8e\u6210\u529f\u514b\u670d\u4e86\u5fc3\u7406\u9634\u5f71\uff1b\u5728\u539f\u83b1\u56e0\u4f24\u9669\u4e9b\u88ab\u8feb\u9000\u5f79\u65f6\uff0c\u6c5f\u987e\u5357\u7684\u966a\u4f34\u548c\u9f13\u52b1\u8ba9\u5979\u7ec8\u4e8e\u7a81\u7834\u74f6\u9888\uff0c\u53d6\u5f97\u4e86\u66f4\u597d\u7684\u6210\u7ee9\uff0c\u6700\u7ec8\u90fd\u53d8\u6210\u4e86\u66f4\u597d\u7684\u81ea\u5df1\u3002", "cast": ["\u5f20\u8f69\u777f", "\u7f57\u4e88\u5f64", "\u5218\u51ef"], "director": "\u7f57\u60e0\u5fb7", "area": "", "year": 0, "sources": [{"name": "\u5907\u7528\u84dd\u5149", "params": {"playfrom": "", "pf": "ld", "url": "/index.php/vod/play/id/236825/sid/4/nid/8.html"}}, {"name": "\u96f6\u5ea6\u8d85\u6e05", "params": {"playfrom": "", "pf": "ld", "url": "/index.php/vod/play/id/236825/sid/2/nid/8.html"}}, {"name": "\u8292\u679c\u89c6\u9891", "params": {"playfrom": "", "pf": "ld", "url": "/index.php/vod/play/id/236825/sid/1/nid/8.html"}}, {"name": "\u96f6\u5ea6\u84dd\u5149\u4e00", "params": {"playfrom": "", "pf": "ld", "url": "/index.php/vod/play/id/236825/sid/3/nid/8.html"}}], "danmakus": [], "subtitles": [], "params": {}}}, {"spider_class": "Spideryingshi", "parent_item": {"type": "directory", "id": "231762", "name": "\u96f6\u5ea6\uff1a[\u66f4\u65b0\u81f3\u7b2c28\u96c6]/\u6708\u6b4c\u884c", "cover": "https://img.ffzypic.com/upload/vod/20221215-1/ba905804951f3942f3e1325a15aabea3.jpg", "description": "\u5f20\u5f6c\u5f6c,\u5f90\u7490,\u738b\u4f51\u7855,\u90d1\u5408\u60e0\u5b50,\u738b\u4ee5\u7eb6,\u9a6c\u6708,\u5f20\u5b50\u5065,\u5415\u884c,\u5f20\u96c5\u5353,\u5218\u6cca\u9704,\u82d7\u7693\u94a7,\u738b\u69ca,\u6797\u7693\u6d0b,\u51af\u6ee1,\u674e\u5c0f\u80d6,\u6797\u8fb0\u6db5,\u4e66\u4e9a\u4fe1,\u95f5\u5065,\u674e\u5609\u8f89,\u5218\u5e05,\u674e\u4f9d\u4f0a,\u718a\u747e\u6021,\u9648\u94b0\u742a,\u9648\u7d2b\u51fd,\u6797\u9759", "cast": [], "director": "", "area": "", "year": 0, "sources": [], "danmakus": [], "subtitles": [], "params": {"type": "video", "pf": "ld"}}, "item": {"type": "file", "id": "", "name": "\u7b2c15\u96c6", "cover": "https://img.ffzypic.com/upload/vod/20221215-1/ba905804951f3942f3e1325a15aabea3.jpg", "description": "\u5c11\u5973\u67f3\u68a2\u4e3a\u4e0e\u795e\u79d8\u4eba\u4e09\u65e5\u76f8\u4f34\u7684\u6b22\u6109\uff0c\u6362\u8d70\u4e86\u81ea\u5df1\u4e00\u751f\u7684\u547d\u8fd0\uff0c\u4ece\u6b64\u5386\u7ecf\u6ce2\u6f9c\u58ee\u9614\uff0c\u968f\u4ed6\u4e00\u573a\u60b2\u6b22\u79bb\u5408\u3002\u4e3a\u5b88\u82cd\u751f\uff0c\u4e3a\u62a4\u7231\u4eba\uff0c\u4ed6\u4eec\u5386\u5c3d\u78e8\u96be\u574e\u5777\uff0c\u503e\u6b64\u4e00\u751f\uff0c\u627f\u541b\u4e00\u8bfa\u3002\u4ed6\u4eec\u80fd\u5426\u51b2\u7834\u5bbf\u547d\uff0c\u6539\u53d8\u7ed3\u5c40\uff1f\u3000\u3000\u5267\u96c6\u6839\u636e\u8700\u5ba2\u5c0f\u8bf4\u300a\u5954\u6708\u300b\u6539\u7f16\u3002", "cast": ["\u5f20\u5f6c\u5f6c", "\u5f90\u7490", "\u738b\u4f51\u7855", "\u90d1\u5408\u60e0\u5b50", "\u738b\u4ee5\u7eb6", "\u9a6c\u6708", "\u5f20\u5b50\u5065", "\u5415\u884c", "\u5f20\u96c5\u5353", "\u5218\u6cca\u9704", "\u82d7\u7693\u94a7", "\u738b\u69ca", "\u6797\u7693\u6d0b", "\u51af\u6ee1", "\u674e\u5c0f\u80d6", "\u6797\u8fb0\u6db5", "\u4e66\u4e9a\u4fe1", "\u95f5\u5065", "\u674e\u5609\u8f89", "\u5218\u5e05", "\u674e\u4f9d\u4f0a", "\u718a\u747e\u6021", "\u9648\u94b0\u742a", "\u9648\u7d2b\u51fd", "\u6797\u9759"], "director": "\u6797\u5065\u9f99", "area": "", "year": 0, "sources": [{"name": "\u96f6\u5ea6\u84dd\u5149\u4e00", "params": {"playfrom": "", "pf": "ld", "url": "/index.php/vod/play/id/231762/sid/3/nid/15.html"}}, {"name": "\u96f6\u5ea6\u8d85\u6e05", "params": {"playfrom": "", "pf": "ld", "url": "/index.php/vod/play/id/231762/sid/1/nid/15.html"}}, {"name": "\u5947\u827a\u89c6\u9891", "params": {"playfrom": "", "pf": "ld", "url": "/index.php/vod/play/id/231762/sid/2/nid/15.html"}}, {"name": "\u5907\u7528\u84dd\u5149", "params": {"playfrom": "", "pf": "ld", "url": "/index.php/vod/play/id/231762/sid/4/nid/15.html"}}], "danmakus": [], "subtitles": [], "params": {}}}, {"spider_class": "Spideryingshi", "parent_item": {"type": "directory", "id": "91652", "name": "\u96f6\u5ea6\uff1a[HD\u4e2d\u5b57]/6/45", "cover": "/img.php?url=https://img3.doubanio.com/view/photo/s_ratio_poster/public/p2876884670.jpg", "description": "\u9ad8\u5e9a\u6753,\u674e\u4f0a\u5e9a,\u97f3\u6587\u7855,\u6734\u4e16\u5a49,\u90ed\u4e1c\u5ef6", "cast": [], "director": "", "area": "", "year": 0, "sources": [], "danmakus": [], "subtitles": [], "params": {"type": "video", "pf": "ld"}}, "item": {"type": "file", "id": "", "name": "\u6b63\u7247", "cover": "/img.php?url=https://img3.doubanio.com/view/photo/s_ratio_poster/public/p2876884670.jpg", "description": "\u5373\u5c06\u9000\u4f0d\u7684\u5357\u97e9\u5175\u957f\u5343\u79b9\uff08\u9ad8\u5e9a\u6753\u9970\u6f14\uff09\uff0c\u67d0\u5929\u610f\u5916\u5728\u7d27\u7ef7\u7684\u5357\u5317\u97e9\u519b\u4e8b\u7ebf\u9644\u8fd1\uff0c\u6361\u5230\u4e00\u5f20\u98d8\u5411\u81ea\u5df1\u7684\u5934\u5956\u5f69\u5238\uff0c\u4e4b\u540e\u5374\u4e00\u4e2a\u4e0d\u5c0f\u5fc3\uff0c\u8ba9\u8fd9\u5f20\u5f69\u5238\u4e58\u98ce\u98d8\u5411\u65e0\u6cd5\u6d89\u8db3\u7684\u5317\u97e9\u2026\u3002\u4e3a\u4e86\u976057\u4ebf\u5956\u91d1\u5b9e\u73b0\u9000\u4f0d\u68a6\u60f3\uff0c\u4ed6\u4f7f\u51fa\u6d51\u8eab\u89e3", "cast": ["\u9ad8\u5e9a\u6753", "\u674e\u4f0a\u5e9a", "\u97f3\u6587\u7855", "\u6734\u4e16\u5a49", "\u90ed\u4e1c\u5ef6"], "director": "\u6734\u594e\u6cf0", "area": "", "year": 0, "sources": [{"name": "\u6781\u901f\u84dd\u5149", "params": {"playfrom": "", "pf": "ld", "url": "/index.php/vod/play/id/91652/sid/4/nid/2.html"}}, {"name": "\u96f6\u5ea6\u84dd\u5149", "params": {"playfrom": "", "pf": "ld", "url": "/index.php/vod/play/id/91652/sid/2/nid/2.html"}}], "danmakus": [], "subtitles": [], "params": {}}}, {"spider_class": "Spideryingshi", "parent_item": {"type": "directory", "id": "218118", "name": "\u96f6\u5ea6\uff1a[HD\u4e2d\u5b57]/\u8ffd\u7231\u8c0e\u8a00", "cover": "https://www.duoduozy.cc/upload/vod/20221121-2/72921b6fd23c7e1ffcc67702bc61cf30.jpg", "description": "Naga Shourya,Shirley Setia", "cast": [], "director": "", "area": "", "year": 0, "sources": [], "danmakus": [], "subtitles": [], "params": {"type": "video", "pf": "ld"}}, "item": {"type": "file", "id": "", "name": "HD1080P", "cover": "https://www.duoduozy.cc/upload/vod/20221121-2/72921b6fd23c7e1ffcc67702bc61cf30.jpg", "description": "\u514b\u91cc\u5e0c\u7eb3\u7231\u4e0a\u4e86\u5f17\u6797\u8fbe\uff0c\u5728\u5bb6\u91cc\u6492\u4e86\u4e2a\u5584\u610f\u7684\u8c0e\uff0c\u4ee5\u786e\u4fdd\u4ed6\u4eec\u7ed3\u5a5a\u3002\u4f46\u5f53\u5b83\u5bfc\u81f4\u4e0d\u5fc5\u8981\u7684\u8bef\u89e3\u65f6\u4f1a\u53d1\u751f\u4ec0\u4e48\uff1f\u53c8\u540d\uff1a\u5343\u8c0e\u767e\u8ba1\u8981\u5a36\u59bb\u3002", "cast": ["Naga Shourya", "Shirley Setia"], "director": "\u672a\u77e5", "area": "", "year": 0, "sources": [{"name": "\u5907\u7528\u84dd\u5149", "params": {"playfrom": "", "pf": "ld", "url": "/index.php/vod/play/id/218118/sid/2/nid/1.html"}}, {"name": "\u6781\u901f\u84dd\u5149", "params": {"playfrom": "", "pf": "ld", "url": "/index.php/vod/play/id/218118/sid/3/nid/1.html"}}, {"name": "\u96f6\u5ea6\u84dd\u5149", "params": {"playfrom": "", "pf": "ld", "url": "/index.php/vod/play/id/218118/sid/1/nid/1.html"}}, {"name": "\u96f6\u5ea6\u8d85\u6e05", "params": {"playfrom": "", "pf": "ld", "url": "/index.php/vod/play/id/218118/sid/4/nid/1.html"}}], "danmakus": [], "subtitles": [], "params": {}}}, {"spider_class": "Spideryingshi", "parent_item": {"type": "directory", "id": "236364", "name": "\u96f6\u5ea6\uff1a[\u66f4\u65b0\u81f3\u7b2c36\u96c6]/\u5b64\u72ec\u7684\u91ce\u517d", "cover": "https://pic2.iqiyipic.com/image/20221223/30/5c/a_100524260_m_601_m12_260_360.jpg", "description": "\u6bd5\u96ef\u73fa ,\u6731\u6b63\u5ef7 ,\u5b59\u4f0a\u6db5,\u5f20\u67cf\u5609", "cast": [], "director": "", "area": "", "year": 0, "sources": [], "danmakus": [], "subtitles": [], "params": {"type": "video", "pf": "ld"}}, "item": {"type": "file", "id": "", "name": "\u7b2c04\u96c6", "cover": "https://pic2.iqiyipic.com/image/20221223/30/5c/a_100524260_m_601_m12_260_360.jpg", "description": "\u7a81\u5982\u5176\u6765\u7684\u6444\u50cf\u5934\u5077\u62cd\u4e8b\u4ef6\uff0c\u8ba9\u968b\u610f\u5fc3\u751f\u6050\u60e7\u548c\u8ff7\u832b\uff0c\u4eba\u751f\u5730\u4e0d\u719f\u7684\u5979\uff0c\u5b8c\u5168\u65e0\u5904\u53ef\u53bb\u3002\u4f46\u968b\u610f\u4e0d\u77e5\u9053\u7684\u662f\uff0c\u521d\u9022\u62c5\u5fc3\u5979\u65e0\u5904\u53ef\u53bb\uff0c\u4e00\u76f4\u9ed8\u9ed8\u5730\u8ddf\u968f\u7740\u5979\uff0c\u5728\u95fa\u871c\u7684\u52a9\u653b\u4e0b\uff0c\u968b\u610f\u5f00\u59cb\u4e86\u4e0e\u521d\u9022\u3001\u6d1b\u5bbe\u7684\u5408\u79df\u751f\u6d3b\u3002\u521d\u9022\u5c06\u4e09\u697c\u7684\u623f\u95f4\u8ba9\u7ed9\u4e86\u968b\u610f\uff0c\u81ea\u5df1\u642c\u5230\u4e8c\u697c\u5de5\u4f5c\u5ba4\u3002\u5c31\u8fd9\u6837\uff0c\u968b\u610f\u6b63\u5f0f\u5728\u4e2d\u53e4\u5e97\u4f4f\u4e86\u4e0b\u6765\u3002\u800c\u53e6\u4e00\u8fb9\uff0c\u51e0\u4eba\u4e5f\u5728\u7ee7\u7eed\u8c03\u67e5\u51fa\u79df\u623f\u9488\u5b54\u6444\u50cf\u5934\u7a76\u7adf\u662f\u4f55\u4eba\u6240\u4e3a\u3002", "cast": ["\u6bd5\u96ef\u73fa", "", "\u6731\u6b63\u5ef7", "", "\u5b59\u4f0a\u6db5", "\u5f20\u67cf\u5609"], "director": "\u82f1\u82f1\u9e7f", "area": "", "year": 0, "sources": [{"name": "\u96f6\u5ea6\u84dd\u5149\u4e00", "params": {"playfrom": "", "pf": "ld", "url": "/index.php/vod/play/id/236364/sid/3/nid/4.html"}}, {"name": "\u96f6\u5ea6\u8d85\u6e05", "params": {"playfrom": "", "pf": "ld", "url": "/index.php/vod/play/id/236364/sid/2/nid/4.html"}}, {"name": "\u5947\u827a\u89c6\u9891", "params": {"playfrom": "", "pf": "ld", "url": "/index.php/vod/play/id/236364/sid/1/nid/4.html"}}, {"name": "\u5907\u7528\u84dd\u5149", "params": {"playfrom": "", "pf": "ld", "url": "/index.php/vod/play/id/236364/sid/4/nid/4.html"}}], "danmakus": [], "subtitles": [], "params": {}}}]